----BB_MEMBERS 
--INSERT INTO BB_MEMBERS (MEMBER_ID, FIRST_NAME, LAST_NAME, ADDRESS, SSN) VALUES (101, 'John', 'Doe', '123 Elm St', '123-45-6789');
--INSERT INTO BB_MEMBERS (MEMBER_ID, FIRST_NAME, LAST_NAME, ADDRESS, SSN) VALUES (102, 'Alice', 'Smith', '456 Oak St', '234-56-7890');
--INSERT INTO BB_MEMBERS (MEMBER_ID, FIRST_NAME, LAST_NAME, ADDRESS, SSN) VALUES (103, 'Bob', 'Johnson', '789 Pine St', '345-67-8901');
--INSERT INTO BB_MEMBERS (MEMBER_ID, FIRST_NAME, LAST_NAME, ADDRESS, SSN) VALUES (104, 'Mary', 'Williams', '321 Maple St', '456-78-9012');
--INSERT INTO BB_MEMBERS (MEMBER_ID, FIRST_NAME, LAST_NAME, ADDRESS, SSN) VALUES (105, 'David', 'Brown', '654 Cedar St', '567-89-0123');

----BB_DIRECTOR
--INSERT INTO BB_DIRECTOR (DIRECTOR_ID, DIRECTOR_NAME) VALUES (201, 'Steven Spielberg');
--INSERT INTO BB_DIRECTOR (DIRECTOR_ID, DIRECTOR_NAME) VALUES (202, 'Christopher Nolan');
--INSERT INTO BB_DIRECTOR (DIRECTOR_ID, DIRECTOR_NAME) VALUES (203, 'Quentin Tarantino');
--INSERT INTO BB_DIRECTOR (DIRECTOR_ID, DIRECTOR_NAME) VALUES (204, 'James Cameron');
--INSERT INTO BB_DIRECTOR (DIRECTOR_ID, DIRECTOR_NAME) VALUES (205, 'Martin Scorsese');

----BB_PRODHOUSE
--INSERT INTO BB_PRODHOUSE (PRODHOUSE_ID, PRODHOUSE_NAME) VALUES (301, 'Universal Pictures');
--INSERT INTO BB_PRODHOUSE (PRODHOUSE_ID, PRODHOUSE_NAME) VALUES (302, 'Warner Bros');
--INSERT INTO BB_PRODHOUSE (PRODHOUSE_ID, PRODHOUSE_NAME) VALUES (303, 'Paramount Pictures');
--INSERT INTO BB_PRODHOUSE (PRODHOUSE_ID, PRODHOUSE_NAME) VALUES (304, '20th Century Fox');
--INSERT INTO BB_PRODHOUSE (PRODHOUSE_ID, PRODHOUSE_NAME) VALUES (305, 'Columbia Pictures');

----BB_MOVIES (PRODHOUSE_ID and DIRECTOR_ID match existing IDs)
--INSERT INTO BB_MOVIES (MOVIE_ID, TITLE, PRODHOUSE_ID, DIRECTOR_ID, PRICE) VALUES ('M001', 'Jurassic Park', 301, 201, 4.99);
--INSERT INTO BB_MOVIES (MOVIE_ID, TITLE, PRODHOUSE_ID, DIRECTOR_ID, PRICE) VALUES ('M002', 'Inception', 302, 202, 5.99);
--INSERT INTO BB_MOVIES (MOVIE_ID, TITLE, PRODHOUSE_ID, DIRECTOR_ID, PRICE) VALUES ('M003', 'Pulp Fiction', 303, 203, 3.99);
--INSERT INTO BB_MOVIES (MOVIE_ID, TITLE, PRODHOUSE_ID, DIRECTOR_ID, PRICE) VALUES ('M004', 'Avatar', 304, 204, 6.99);
--INSERT INTO BB_MOVIES (MOVIE_ID, TITLE, PRODHOUSE_ID, DIRECTOR_ID, PRICE) VALUES ('M005', 'The Wolf of Wall Street', 305, 205, 4.49);

----BB_MOVIE_COPIES (MOVIE_ID exists in BB_MOVIES)
--INSERT INTO BB_MOVIE_COPIES (COPY_ID, MOVIE_ID, STATUS) VALUES ('C001', 'M001', 'Available');
--INSERT INTO BB_MOVIE_COPIES (COPY_ID, MOVIE_ID, STATUS) VALUES ('C002', 'M002', 'Rented');
--INSERT INTO BB_MOVIE_COPIES (COPY_ID, MOVIE_ID, STATUS) VALUES ('C003', 'M003', 'Available');
--INSERT INTO BB_MOVIE_COPIES (COPY_ID, MOVIE_ID, STATUS) VALUES ('C004', 'M004', 'Rented');
--INSERT INTO BB_MOVIE_COPIES (COPY_ID, MOVIE_ID, STATUS) VALUES ('C005', 'M005', 'Available');

----BB_TRANSACTIONS ( COPY_ID, MOVIE_ID exist in BB_MOVIE_COPIES and MEMBERID exists in BB_MEMBERS)
--INSERT INTO BB_TRANSACTIONS (TRANSACTION_ID, COPY_ID, MOVIE_ID, MEMBERID, RENTED_DATE, RETURNED_DATE, STATUS)
--VALUES ('T001', 'C002', 'M002', 101, TO_DATE('2025-10-01','YYYY-MM-DD'), TO_DATE('2025-10-05','YYYY-MM-DD'), 'Returned');
--
--INSERT INTO BB_TRANSACTIONS (TRANSACTION_ID, COPY_ID, MOVIE_ID, MEMBERID, RENTED_DATE, RETURNED_DATE, STATUS)
--VALUES ('T002', 'C004', 'M004', 102, TO_DATE('2025-10-02','YYYY-MM-DD'), NULL, 'Rented');
--
--INSERT INTO BB_TRANSACTIONS (TRANSACTION_ID, COPY_ID, MOVIE_ID, MEMBERID, RENTED_DATE, RETURNED_DATE, STATUS)
--VALUES ('T003', 'C001', 'M001', 103, TO_DATE('2025-10-03','YYYY-MM-DD'), TO_DATE('2025-10-07','YYYY-MM-DD'), 'Returned');
--
--INSERT INTO BB_TRANSACTIONS (TRANSACTION_ID, COPY_ID, MOVIE_ID, MEMBERID, RENTED_DATE, RETURNED_DATE, STATUS)
--VALUES ('T004', 'C003', 'M003', 104, TO_DATE('2025-10-04','YYYY-MM-DD'), NULL, 'Rented');
--
--INSERT INTO BB_TRANSACTIONS (TRANSACTION_ID, COPY_ID, MOVIE_ID, MEMBERID, RENTED_DATE, RETURNED_DATE, STATUS)
--VALUES ('T005', 'C005', 'M005', 105, TO_DATE('2025-10-05','YYYY-MM-DD'), NULL, 'Rented');



